#Annotated with Bakta v1.5.1, https://github.com/oschwengers/bakta
#Database v4.0, https://doi.org/10.5281/zenodo.4247252
#Sequence Id	Start	Stop	Strand	Locus Tag	Mol Weight [kDa]	Iso El. Point	Pfam hits	Dbxrefs
NC_014831.1	6038	6493	+	IBIBJG_00025	16.2	10.5	PF04025.15|DUF370	KEGG:K24648, PFAM:PF04025.15, RefSeq:WP_013494436.1, SO:0001217, UniParc:UPI0001F27E22, UniRef:UniRef100_E6SK06, UniRef:UniRef50_E6SK06, UniRef:UniRef90_E6SK06
NC_014831.1	19356	19580	+	IBIBJG_00105	9.0	11.3		RefSeq:WP_013494448.1, SO:0001217, UniParc:UPI0001F27E2E, UniRef:UniRef100_E6SKF5, UniRef:UniRef50_E6SKF5, UniRef:UniRef90_E6SKF5
NC_014831.1	19595	19948	+	IBIBJG_00110	13.6	10.4		RefSeq:WP_013494449.1, SO:0001217, UniParc:UPI0001F27E2F, UniRef:UniRef100_E6SKF6, UniRef:UniRef50_E6SKF6, UniRef:UniRef90_E6SKF6
NC_014831.1	20450	20881	+	IBIBJG_00120	15.4	4.7		RefSeq:WP_013494451.1, SO:0001217, UniParc:UPI0001F27E31, UniRef:UniRef100_E6SKF8, UniRef:UniRef50_E6SKF8, UniRef:UniRef90_E6SKF8
NC_014831.1	23368	23919	+	IBIBJG_00140	20.3	4.9		RefSeq:WP_013494455.1, SO:0001217, UniParc:UPI0001F27E35, UniRef:UniRef100_E6SKG2, UniRef:UniRef50_E6SKG2, UniRef:UniRef90_E6SKG2
NC_014831.1	24457	24810	+	IBIBJG_00150	13.7	6.2		RefSeq:WP_013494457.1, SO:0001217, UniParc:UPI0001F27E37, UniRef:UniRef100_E6SKG4, UniRef:UniRef50_E6SKG4, UniRef:UniRef90_E6SKG4
NC_014831.1	24812	25123	+	IBIBJG_00155	11.2	4.5		RefSeq:WP_013494458.1, SO:0001217, UniParc:UPI0001F27E38, UniRef:UniRef100_E6SKG5, UniRef:UniRef50_E6SKG5, UniRef:UniRef90_E6SKG5
NC_014831.1	25120	25392	+	IBIBJG_00160	10.2	10.0		RefSeq:WP_013494459.1, SO:0001217, UniParc:UPI0001F27E39, UniRef:UniRef100_E6SKG6, UniRef:UniRef50_E6SKG6, UniRef:UniRef90_E6SKG6
NC_014831.1	27991	28221	+	IBIBJG_00180	8.3	10.6		RefSeq:WP_013494463.1, SO:0001217, UniParc:UPI0001F27E3D, UniRef:UniRef100_E6SKH0, UniRef:UniRef50_E6SKH0, UniRef:UniRef90_E6SKH0
NC_014831.1	36578	36811	+	IBIBJG_00225	8.4	10.2		RefSeq:WP_013494472.1, SO:0001217, UniParc:UPI0001F27E46, UniRef:UniRef100_E6SKH9, UniRef:UniRef50_E6SKH9, UniRef:UniRef90_E6SKH9
NC_014831.1	37105	37596	+	IBIBJG_00235	18.0	10.6		RefSeq:WP_013494474.1, SO:0001217, UniParc:UPI0001F27E48, UniRef:UniRef100_E6SKI1, UniRef:UniRef50_E6SKI1, UniRef:UniRef90_E6SKI1
NC_014831.1	38806	39123	+	IBIBJG_00255	12.3	10.0		RefSeq:WP_013494478.1, SO:0001217, UniParc:UPI0001F27E4C, UniRef:UniRef100_E6SKI5, UniRef:UniRef50_E6SKI5, UniRef:UniRef90_E6SKI5
NC_014831.1	45139	45552	+	IBIBJG_00275	15.1	6.1		RefSeq:WP_013494482.1, SO:0001217, UniParc:UPI0001F27E50, UniRef:UniRef100_E6SKI9, UniRef:UniRef50_E6SKI9, UniRef:UniRef90_E6SKI9
NC_014831.1	45565	46818	+	IBIBJG_00280	45.0	5.9		RefSeq:WP_013494483.1, SO:0001217, UniParc:UPI0001F27E51, UniRef:UniRef100_E6SKJ0, UniRef:UniRef50_E6SKJ0, UniRef:UniRef90_E6SKJ0
NC_014831.1	46834	49959	+	IBIBJG_00285	112.4	5.8		RefSeq:WP_013494484.1, SO:0001217, UniParc:UPI0001F27E52, UniRef:UniRef100_E6SKJ1, UniRef:UniRef50_E6SKJ1, UniRef:UniRef90_E6SKJ1
NC_014831.1	49975	51081	+	IBIBJG_00290	39.8	4.5		RefSeq:WP_013494485.1, SO:0001217, UniParc:UPI0001F27E53, UniRef:UniRef100_E6SKJ2, UniRef:UniRef50_E6SKJ2, UniRef:UniRef90_E6SKJ2
NC_014831.1	51095	52453	+	IBIBJG_00295	47.5	5.9		RefSeq:WP_013494486.1, SO:0001217, UniParc:UPI0001F27E54, UniRef:UniRef100_E6SKJ3, UniRef:UniRef50_E6SKJ3, UniRef:UniRef90_E6SKJ3
NC_014831.1	53272	53862	+	IBIBJG_00300	21.6	4.7		
NC_014831.1	55237	55650	-	IBIBJG_00315	15.9	5.2		RefSeq:WP_013494490.1, SO:0001217, UniParc:UPI0001F27E58, UniRef:UniRef100_E6SKJ7, UniRef:UniRef50_E6SKJ7, UniRef:UniRef90_E6SKJ7
NC_014831.1	55903	56220	-	IBIBJG_00320	11.5	4.4		RefSeq:WP_013494491.1, SO:0001217, UniParc:UPI0001F27E59, UniRef:UniRef100_E6SKJ8, UniRef:UniRef50_E6SKJ8, UniRef:UniRef90_E6SKJ8
NC_014831.1	56314	56730	-	IBIBJG_00325	15.8	4.6		SO:0001217, UniParc:UPI0001F27E5A, UniRef:UniRef100_E6SKJ9, UniRef:UniRef50_E6SKJ9, UniRef:UniRef90_E6SKJ9
NC_014831.1	57103	57588	-	IBIBJG_00330	17.8	5.1		RefSeq:WP_013494493.1, SO:0001217, UniParc:UPI0001F27E5B, UniRef:UniRef100_E6SKK0, UniRef:UniRef50_E6SKK0, UniRef:UniRef90_E6SKK0
NC_014831.1	57828	58136	+	IBIBJG_00335	11.8	4.7		RefSeq:WP_013494494.1, SO:0001217, UniParc:UPI0001F27E5C, UniRef:UniRef100_E6SKK1, UniRef:UniRef50_E6SKK1, UniRef:UniRef90_E6SKK1
NC_014831.1	58231	58740	+	IBIBJG_00340	19.0	7.9		RefSeq:WP_013494495.1, SO:0001217, UniParc:UPI0001F27E5D, UniRef:UniRef100_E6SKK2, UniRef:UniRef50_E6SKK2, UniRef:UniRef90_E6SKK2
NC_014831.1	62741	62953	+	IBIBJG_00365	7.3	11.4		RefSeq:WP_013494499.1, SO:0001217, UniParc:UPI0001F2827C, UniRef:UniRef100_E6SKK6, UniRef:UniRef50_E6SKK6, UniRef:UniRef90_E6SKK6
NC_014831.1	80447	80776	+	IBIBJG_00485	11.8	5.1	PF06153.14|CdAMP_rec	COG:COG3870, COG:T, PFAM:PF06153.14, RefSeq:WP_013494510.1, SO:0001217, UniParc:UPI0001F28287, UniRef:UniRef100_E6SL02, UniRef:UniRef50_A0A535ILN7, UniRef:UniRef90_E6SL02
NC_014831.1	80769	81767	+	IBIBJG_00490	35.3	9.6	PF13177.9|DNA_pol3_delta2	COG:COG2812, COG:L, PFAM:PF13177.9, RefSeq:WP_013494511.1, SO:0001217, UniParc:UPI0001F28288, UniRef:UniRef100_E6SL03, UniRef:UniRef50_E6SL03, UniRef:UniRef90_E6SL03
NC_014831.1	89303	89443	-	IBIBJG_00525	5.3	11.2		SO:0001217, UniParc:UPI0001F2828E, UniRef:UniRef100_E6SL10, UniRef:UniRef50_E6SL10, UniRef:UniRef90_E6SL10
NC_014831.1	111057	111164	-	IBIBJG_00645	4.0	12.0		SO:0001217, UniParc:UPI0001F28305, UniRef:UniRef100_E6SL33, UniRef:UniRef50_E6SL33, UniRef:UniRef90_E6SL33
NC_014831.1	112980	113504	+	IBIBJG_00660	19.1	5.3		RefSeq:WP_042499961.1, SO:0001217, UniParc:UPI00030B5486, UniRef:UniRef100_UPI00030B5486, UniRef:UniRef50_K6PP67, UniRef:UniRef90_UPI00030B5486
NC_014831.1	122886	123506	-	IBIBJG_00710	21.5	11.3		SO:0001217, UniRef:UniRef50_A0A2W4MPL9, UniRef:UniRef90_UPI0005AA9E40
NC_014831.1	125751	126299	+	IBIBJG_00730	19.6	7.7		RefSeq:WP_013494553.1, SO:0001217, UniParc:UPI0001F28312, UniRef:UniRef100_E6SL46, UniRef:UniRef50_E6SL46, UniRef:UniRef90_E6SL46
NC_014831.1	133443	133928	+	IBIBJG_00760	17.5	9.1		SO:0001217, UniParc:UPI0001F28318, UniRef:UniRef100_E6SL52, UniRef:UniRef50_E6SL52, UniRef:UniRef90_E6SL52
NC_014831.1	164988	166343	+	IBIBJG_00875	45.0	7.8		SO:0001217, UniParc:UPI0001F28396, UniRef:UniRef100_E6SLK5, UniRef:UniRef50_E6SLK5, UniRef:UniRef90_E6SLK5
NC_014831.1	166422	167153	+	IBIBJG_00880	24.2	11.1		RefSeq:WP_013494578.1, SO:0001217, UniParc:UPI0001F28397, UniRef:UniRef100_E6SLK6, UniRef:UniRef50_E6SLK6, UniRef:UniRef90_E6SLK6
NC_014831.1	185822	186148	+	IBIBJG_00950	12.0	11.1		RefSeq:WP_013494592.1, SO:0001217, UniParc:UPI0001F283A5, UniRef:UniRef100_E6SLM0, UniRef:UniRef50_E6SLM0, UniRef:UniRef90_E6SLM0
NC_014831.1	213759	214313	+	IBIBJG_01085	19.9	10.8		SO:0001217, UniRef:UniRef50_E6SLP7, UniRef:UniRef90_E6SLP7
NC_014831.1	224679	225314	+	IBIBJG_01130	22.2	6.6		SO:0001217, UniRef:UniRef50_E6SLQ6, UniRef:UniRef90_E6SLQ6
NC_014831.1	225871	227007	+	IBIBJG_01135	42.4	7.2	PF13487.9|HD_5	PFAM:PF13487.9
NC_014831.1	264410	265882	-	IBIBJG_01265	48.9	11.2		SO:0001217, UniRef:UniRef50_A0A4P7GSP6, UniRef:UniRef90_UPI0011D243E9
NC_014831.1	267482	267625	+	IBIBJG_01275	4.9	11.2		SO:0001217, UniParc:UPI0001F284AF, UniRef:UniRef100_E6SM21, UniRef:UniRef50_E6SM21, UniRef:UniRef90_E6SM21
NC_014831.1	269473	269751	+	IBIBJG_01295	9.7	10.0		RefSeq:WP_013494660.1, SO:0001217, UniParc:UPI0001F284B3, UniRef:UniRef100_E6SM25, UniRef:UniRef50_E6SM25, UniRef:UniRef90_E6SM25
NC_014831.1	298105	298284	+	IBIBJG_01430	6.6	6.1		RefSeq:WP_013494686.1, SO:0001217, UniParc:UPI0001F28530, UniRef:UniRef100_E6SM51, UniRef:UniRef50_E6SM51, UniRef:UniRef90_E6SM51
NC_014831.1	304968	305159	+	IBIBJG_01460	7.1	4.5		SO:0001217, UniParc:UPI0001F28536, UniRef:UniRef100_E6SM57, UniRef:UniRef50_E6SM57, UniRef:UniRef90_E6SM57
NC_014831.1	324278	324538	-	IBIBJG_01555	9.8	11.2		RefSeq:WP_013494711.1, SO:0001217, UniParc:UPI0001F285A1, UniRef:UniRef100_E6SME6, UniRef:UniRef50_A0A2W4JUS0, UniRef:UniRef90_E6SME6
NC_014831.1	326626	326715	+	IBIBJG_01565	3.0	8.5		SO:0001217, UniRef:UniRef50_E6SME8, UniRef:UniRef90_E6SME8
NC_014831.1	374859	375695	-	IBIBJG_01750	29.6	11.4		RefSeq:WP_013494750.1, SO:0001217, UniParc:UPI0001F28629, UniRef:UniRef100_E6SMI5, UniRef:UniRef50_E6SMI5, UniRef:UniRef90_E6SMI5
NC_014831.1	376888	377016	-	IBIBJG_01760	4.7	4.1		SO:0001217, UniParc:UPI0001F2862B, UniRef:UniRef100_E6SMI7, UniRef:UniRef50_K6PNR0, UniRef:UniRef90_K6PNR0
NC_014831.1	386921	387154	-	IBIBJG_01805	8.7	10.9		RefSeq:WP_013494761.1, SO:0001217, UniParc:UPI0001F28634, UniRef:UniRef100_E6SMJ6, UniRef:UniRef50_E6SMJ6, UniRef:UniRef90_E6SMJ6
NC_014831.1	395931	396047	+	IBIBJG_01845	4.5	6.7		SO:0001217, UniParc:UPI0001F2863B, UniRef:UniRef100_E6SG46, UniRef:UniRef50_E6SG46, UniRef:UniRef90_E6SG46
NC_014831.1	409247	409942	+	IBIBJG_01900	25.1	9.8		RefSeq:WP_013494776.1, SO:0001217, UniParc:UPI0001F27E87, UniRef:UniRef100_E6SG54, UniRef:UniRef50_A0A4P7GT26, UniRef:UniRef90_E6SG54
NC_014831.1	417057	417548	-	IBIBJG_01935	17.8	5.3		RefSeq:WP_013494783.1, SO:0001217, UniParc:UPI0001F27E8E, UniRef:UniRef100_E6SG61, UniRef:UniRef50_E6SG61, UniRef:UniRef90_E6SG61
NC_014831.1	418393	418725	-	IBIBJG_01945	12.9	5.2		RefSeq:WP_013494785.1, SO:0001217, UniParc:UPI0001F27E90, UniRef:UniRef100_E6SG63, UniRef:UniRef50_E6SG63, UniRef:UniRef90_E6SG63
NC_014831.1	422798	423163	+	IBIBJG_01980	14.3	4.1		RefSeq:WP_013494792.1, SO:0001217, UniParc:UPI0001F27E97, UniRef:UniRef100_E6SG70, UniRef:UniRef50_E6SG70, UniRef:UniRef90_E6SG70
NC_014831.1	423280	423699	+	IBIBJG_01985	15.6	9.5		SO:0001217, UniParc:UPI0001F27E98, UniRef:UniRef100_E6SG71, UniRef:UniRef50_E6SG71, UniRef:UniRef90_E6SG71
NC_014831.1	440717	441367	-	IBIBJG_02050	23.3	11.8		RefSeq:WP_013494806.1, SO:0001217, UniParc:UPI0001F27F07, UniRef:UniRef100_E6SG84, UniRef:UniRef50_E6SG84, UniRef:UniRef90_E6SG84
NC_014831.1	454736	455065	+	IBIBJG_02110	11.8	10.7		COG:COG4877, COG:S, SO:0001217, UniParc:UPI0001F27F12, UniRef:UniRef100_E6SG95, UniRef:UniRef50_E6SG95, UniRef:UniRef90_E6SG95
NC_014831.1	459159	460601	-	IBIBJG_02135	52.0	9.7		
NC_014831.1	462382	463053	-	IBIBJG_02145	23.9	10.2		
NC_014831.1	468333	469829	-	IBIBJG_02170	50.1	10.3		RefSeq:WP_013494826.1, SO:0001217, UniParc:UPI0001F27F1B, UniRef:UniRef100_E6SGA4, UniRef:UniRef50_E6SGA4, UniRef:UniRef90_E6SGA4
NC_014831.1	470051	470716	-	IBIBJG_02175	22.6	12.0		SO:0001217, UniParc:UPI0001F27F1C, UniRef:UniRef100_E6SGA5, UniRef:UniRef50_E6SGA5, UniRef:UniRef90_E6SGA5
NC_014831.1	480261	481910	-	IBIBJG_02225	56.3	10.7		RefSeq:WP_013494837.1, SO:0001217, UniParc:UPI0001F27F26, UniRef:UniRef100_E6SGI6, UniRef:UniRef50_E6SGI6, UniRef:UniRef90_E6SGI6
NC_014831.1	482219	482857	+	IBIBJG_02230	23.1	4.6		RefSeq:WP_013494838.1, SO:0001217, UniParc:UPI0001F27F27, UniRef:UniRef100_E6SGI7, UniRef:UniRef50_E6SGI7, UniRef:UniRef90_E6SGI7
NC_014831.1	502346	502543	+	IBIBJG_02305	7.3	9.4		RefSeq:WP_013494853.1, SO:0001217, UniParc:UPI0001F27F98, UniRef:UniRef100_E6SGK2, UniRef:UniRef50_A0A0K2SKF4, UniRef:UniRef90_E6SGK2
NC_014831.1	510600	511565	+	IBIBJG_02355	33.1	10.0		RefSeq:WP_013494861.1, SO:0001217, UniParc:UPI0001F27FA0, UniRef:UniRef100_E6SGL0, UniRef:UniRef50_E6SGL0, UniRef:UniRef90_E6SGL0
NC_014831.1	511596	511991	+	IBIBJG_02360	14.6	4.8		RefSeq:WP_013494862.1, SO:0001217, UniParc:UPI0001F27FA1, UniRef:UniRef100_E6SGL1, UniRef:UniRef50_E6SGL1, UniRef:UniRef90_E6SGL1
NC_014831.1	525726	526853	+	IBIBJG_02405	38.5	11.5		RefSeq:WP_013494871.1, SO:0001217, UniParc:UPI0001F28009, UniRef:UniRef100_E6SGM0, UniRef:UniRef50_K6Q0F7, UniRef:UniRef90_E6SGM0
NC_014831.1	584947	585681	+	IBIBJG_02645	25.4	6.0		RefSeq:WP_013494920.1, SO:0001217, UniParc:UPI0001F280A0, UniRef:UniRef100_E6SGY4, UniRef:UniRef50_E6SGY4, UniRef:UniRef90_E6SGY4
NC_014831.1	586966	588549	+	IBIBJG_02655	56.8	11.4		RefSeq:WP_013494922.1, SO:0001217, UniParc:UPI0001F280A2, UniRef:UniRef100_E6SGY6, UniRef:UniRef50_A0A6L8HW94, UniRef:UniRef90_E6SGY6
NC_014831.1	594527	594691	+	IBIBJG_02680	6.4	9.2		SO:0001217, UniParc:UPI0001F280A7, UniRef:UniRef100_E6SGZ1, UniRef:UniRef50_E6SGZ1, UniRef:UniRef90_E6SGZ1
NC_014831.1	605089	606348	+	IBIBJG_02725	42.3	5.4		RefSeq:WP_013494936.1, SO:0001217, UniParc:UPI0001F28112, UniRef:UniRef100_E6SH00, UniRef:UniRef50_E6SH00, UniRef:UniRef90_E6SH00
NC_014831.1	611280	612014	+	IBIBJG_02750	25.7	11.1		RefSeq:WP_013494941.1, SO:0001217, UniParc:UPI0001F28117, UniRef:UniRef100_E6SH05, UniRef:UniRef50_E6SH05, UniRef:UniRef90_E6SH05
NC_014831.1	615777	615905	-	IBIBJG_02765	4.6	8.2		SO:0001217, UniParc:UPI0001F2811A, UniRef:UniRef100_E6SH08, UniRef:UniRef50_E6SH08, UniRef:UniRef90_E6SH08
NC_014831.1	667791	668009	-	IBIBJG_02975	8.2	6.7		RefSeq:WP_013494986.1, SO:0001217, UniParc:UPI0001F281A3, UniRef:UniRef100_E6SHB7, UniRef:UniRef50_E6SHB7, UniRef:UniRef90_E6SHB7
NC_014831.1	691426	692088	-	IBIBJG_03065	22.6	4.8		RefSeq:WP_013495004.1, SO:0001217, UniParc:UPI0001F28212, UniRef:UniRef100_E6SHD5, UniRef:UniRef50_K6NZF1, UniRef:UniRef90_E6SHD5
NC_014831.1	693719	695269	+	IBIBJG_03075	51.3	5.0		RefSeq:WP_013495006.1, SO:0001217, UniParc:UPI0001F28214, UniRef:UniRef100_E6SHD7, UniRef:UniRef50_K6PZL1, UniRef:UniRef90_E6SHD7
NC_014831.1	722053	722352	-	IBIBJG_03200	10.7	11.1		RefSeq:WP_013495031.1, SO:0001217, UniParc:UPI0001F2822D, UniRef:UniRef100_E6SHG2, UniRef:UniRef50_E6SHG2, UniRef:UniRef90_E6SHG2
NC_014831.1	724555	725946	+	IBIBJG_03215	46.1	10.5		RefSeq:WP_013495034.1, SO:0001217, UniParc:UPI0001F28230, UniRef:UniRef100_E6SHG5, UniRef:UniRef50_E6SHG5, UniRef:UniRef90_E6SHG5
NC_014831.1	732578	732862	-	IBIBJG_03245	9.5	9.5		RefSeq:WP_042500090.1, SO:0001217, UniParc:UPI0002F6D1EC, UniRef:UniRef100_UPI0002F6D1EC, UniRef:UniRef50_K6PMT4, UniRef:UniRef90_UPI0002F6D1EC
NC_014831.1	764608	766302	-	IBIBJG_03350	56.4	7.9	PF07875.15|Coat_F	PFAM:PF07875.15, SO:0001217, UniParc:UPI0001F282B8, UniRef:UniRef100_E6SHQ8, UniRef:UniRef50_E6SHQ8, UniRef:UniRef90_E6SHQ8
NC_014831.1	780063	780284	+	IBIBJG_03390	8.4	10.0		RefSeq:WP_042500097.1, SO:0001217, UniParc:UPI0002FEB187, UniRef:UniRef100_UPI0002FEB187, UniRef:UniRef50_UPI0002FEB187, UniRef:UniRef90_UPI0002FEB187
NC_014831.1	788983	789447	-	IBIBJG_03425	16.7	12.0		
NC_014831.1	796356	796982	+	IBIBJG_03465	21.7	9.7		RefSeq:WP_013495081.1, SO:0001217, UniParc:UPI0001F28335, UniRef:UniRef100_E6SHS9, UniRef:UniRef50_E6SHS9, UniRef:UniRef90_E6SHS9
NC_014831.1	799453	799719	+	IBIBJG_03485	9.4	8.2		RefSeq:WP_207635139.1, SO:0001217, UniParc:UPI00030773A5, UniRef:UniRef100_UPI00030773A5, UniRef:UniRef50_A0A1X4NRY4, UniRef:UniRef90_UPI00030773A5
NC_014831.1	807588	808163	+	IBIBJG_03520	19.4	9.2		RefSeq:WP_013495090.1, SO:0001217, UniParc:UPI0001F2833E, UniRef:UniRef100_E6SHT8, UniRef:UniRef50_E6SHT8, UniRef:UniRef90_E6SHT8
NC_014831.1	808212	809579	+	IBIBJG_03525	48.1	7.0		SO:0001217, UniParc:UPI0001F2833F, UniRef:UniRef100_E6SHT9, UniRef:UniRef50_E6SHT9, UniRef:UniRef90_E6SHT9
NC_014831.1	811379	812224	+	IBIBJG_03540	29.1	5.8		RefSeq:WP_013495094.1, SO:0001217, UniParc:UPI0001F283B0, UniRef:UniRef100_E6SHU2, UniRef:UniRef50_K6PMN1, UniRef:UniRef90_K6PMN1
NC_014831.1	815514	815735	+	IBIBJG_03560	7.6	10.0		RefSeq:WP_013495098.1, SO:0001217, UniParc:UPI0001F283B4, UniRef:UniRef100_E6SHU6, UniRef:UniRef50_E6SHU6, UniRef:UniRef90_E6SHU6
NC_014831.1	816226	816540	+	IBIBJG_03565	12.1	9.7		RefSeq:WP_013495099.1, SO:0001217, UniParc:UPI0001F283B5, UniRef:UniRef100_E6SHU7, UniRef:UniRef50_E6SHU7, UniRef:UniRef90_E6SHU7
NC_014831.1	816515	816751	-	IBIBJG_03570	8.7	11.4		
NC_014831.1	817019	817114	+	IBIBJG_03575	3.7	4.8		
NC_014831.1	834208	834453	+	IBIBJG_03650	8.7	10.2		RefSeq:WP_013495114.1, SO:0001217, UniParc:UPI0001F283C4, UniRef:UniRef100_E6SI31, UniRef:UniRef50_E6SI31, UniRef:UniRef90_E6SI31
NC_014831.1	844188	844604	-	IBIBJG_03685	14.6	10.2		
NC_014831.1	855756	855983	+	IBIBJG_03715	7.7	11.3		SO:0001217, UniParc:UPI0001F2843C, UniRef:UniRef100_E6SI43, UniRef:UniRef50_E6SI43, UniRef:UniRef90_E6SI43
NC_014831.1	865620	865865	+	IBIBJG_03760	9.2	4.7	PF11903.11|ParD_like	PFAM:PF11903.11, RefSeq:WP_013495135.1, SO:0001217, UniParc:UPI0001F28445, UniRef:UniRef100_E6SI52, UniRef:UniRef50_E6SI52, UniRef:UniRef90_E6SI52
NC_014831.1	869108	869311	-	IBIBJG_03780	7.6	9.7		RefSeq:WP_013495139.1, SO:0001217, UniParc:UPI0001F28449, UniRef:UniRef100_E6SI56, UniRef:UniRef50_E6SI56, UniRef:UniRef90_E6SI56
NC_014831.1	884257	885396	-	IBIBJG_03855	40.6	6.5		RefSeq:WP_013495154.1, SO:0001217, UniParc:UPI0001F28458, UniRef:UniRef100_E6SI71, UniRef:UniRef50_E6SI71, UniRef:UniRef90_E6SI71
NC_014831.1	905572	905811	-	IBIBJG_03935	8.9	12.0		
NC_014831.1	907923	908387	-	IBIBJG_03950	16.2	10.1		SO:0001217, UniParc:UPI0001F284CA, UniRef:UniRef100_E6SI89, UniRef:UniRef50_E6SI89, UniRef:UniRef90_E6SI89
NC_014831.1	932562	933116	+	IBIBJG_04065	19.1	5.6		RefSeq:WP_013495195.1, SO:0001217, UniParc:UPI0001F28545, UniRef:UniRef100_E6SII4, UniRef:UniRef50_A0A2W4KHK1, UniRef:UniRef90_E6SII4
NC_014831.1	934247	935074	-	IBIBJG_04075	28.5	6.4		RefSeq:WP_013495197.1, SO:0001217, UniParc:UPI0001F28547, UniRef:UniRef100_E6SII6, UniRef:UniRef50_E6SII6, UniRef:UniRef90_E6SII6
NC_014831.1	962975	964183	+	IBIBJG_04170	39.6	11.2		SO:0001217, UniParc:UPI0001F2855A, UniRef:UniRef100_E6SIK5, UniRef:UniRef50_E6SIK5, UniRef:UniRef90_E6SIK5
NC_014831.1	966886	967128	+	IBIBJG_04185	9.2	6.1		RefSeq:WP_013495219.1, SO:0001217, UniParc:UPI0001F2855D, UniRef:UniRef100_E6SIK8, UniRef:UniRef50_E6SIK8, UniRef:UniRef90_E6SIK8
NC_014831.1	975331	975888	+	IBIBJG_04215	18.1	11.1		RefSeq:WP_013495225.1, SO:0001217, UniParc:UPI0001F285BC, UniRef:UniRef100_E6SIL4, UniRef:UniRef50_E6SIL4, UniRef:UniRef90_E6SIL4
NC_014831.1	977024	977272	-	IBIBJG_04230	9.1	5.9		RefSeq:WP_013495228.1, SO:0001217, UniParc:UPI0001F285BF, UniRef:UniRef100_E6SIL7, UniRef:UniRef50_E6SIL7, UniRef:UniRef90_E6SIL7
NC_014831.1	980095	980790	+	IBIBJG_04260	24.3	11.5		RefSeq:WP_013495234.1, SO:0001217, UniParc:UPI0001F285C5, UniRef:UniRef100_E6SIM3, UniRef:UniRef50_E6SIM3, UniRef:UniRef90_E6SIM3
NC_014831.1	1005593	1006228	-	IBIBJG_04375	24.6	6.3	PF13453.9|zf-TFIIB	PFAM:PF13453.9
NC_014831.1	1006743	1007198	+	IBIBJG_04385	16.6	4.9		RefSeq:WP_013495253.1, SO:0001217, UniParc:UPI0001F285D8, UniRef:UniRef100_E6SIV3, UniRef:UniRef50_E6SIV3, UniRef:UniRef90_E6SIV3
NC_014831.1	1007555	1007656	+	IBIBJG_04390	3.6	4.6		SO:0001217, UniParc:UPI0001F285D9, UniRef:UniRef100_E6SIV4, UniRef:UniRef50_E6SIV4, UniRef:UniRef90_E6SIV4
NC_014831.1	1025632	1026219	+	IBIBJG_04445	21.5	9.8		SO:0001217, UniParc:UPI0001F28643, UniRef:UniRef100_E6SIW5, UniRef:UniRef50_E6SIW5, UniRef:UniRef90_E6SIW5
NC_014831.1	1029979	1031622	-	IBIBJG_04475	59.1	12.0		SO:0001217, UniParc:UPI0001F28649, UniRef:UniRef100_E6SIX1, UniRef:UniRef50_E6SIX1, UniRef:UniRef90_E6SIX1
NC_014831.1	1064885	1066222	+	IBIBJG_04635	46.6	4.3		RefSeq:WP_013495302.1, SO:0001217, UniParc:UPI0001F27EB0, UniRef:UniRef100_E6SJ02, UniRef:UniRef50_E6SJ02, UniRef:UniRef90_E6SJ02
NC_014831.1	1074262	1075446	+	IBIBJG_04660	40.8	11.3		RefSeq:WP_013495307.1, SO:0001217, UniParc:UPI0001F27EB4, UniRef:UniRef100_E6SJ07, UniRef:UniRef50_E6SJ07, UniRef:UniRef90_E6SJ07
NC_014831.1	1095103	1096515	-	IBIBJG_04730	50.5	10.8		RefSeq:WP_013495321.1, SO:0001217, UniParc:UPI0001F27EC2, UniRef:UniRef100_E6SJ88, UniRef:UniRef50_K6PYX5, UniRef:UniRef90_E6SJ88
NC_014831.1	1099029	1099337	+	IBIBJG_04740	10.2	8.5		SO:0001217, UniParc:UPI0001F27F2B, UniRef:UniRef100_E6SJ90, UniRef:UniRef50_E6SJ90, UniRef:UniRef90_E6SJ90
NC_014831.1	1102998	1103561	-	IBIBJG_04755	18.4	6.4		RefSeq:WP_013495326.1, SO:0001217, UniParc:UPI0001F27F2E, UniRef:UniRef100_E6SJ93, UniRef:UniRef50_E6SJ93, UniRef:UniRef90_E6SJ93
NC_014831.1	1140356	1140955	+	IBIBJG_04895	22.1	4.9		RefSeq:WP_013495354.1, SO:0001217, UniParc:UPI0001F27FAB, UniRef:UniRef100_E6SJC1, UniRef:UniRef50_A0A4P7GU08, UniRef:UniRef90_E6SJC1
NC_014831.1	1150936	1151892	-	IBIBJG_04925	34.5	6.7		
NC_014831.1	1172463	1172630	+	IBIBJG_05035	5.9	11.6		
NC_014831.1	1213117	1213716	+	IBIBJG_05230	21.0	9.9		SO:0001217, UniParc:UPI0001F2804C, UniRef:UniRef100_E6SJQ2, UniRef:UniRef50_K6PLB6, UniRef:UniRef90_E6SJQ2
NC_014831.1	1217061	1217549	+	IBIBJG_05255	15.8	5.2		RefSeq:WP_013495425.1, SO:0001217, UniParc:UPI0001F280B1, UniRef:UniRef100_E6SJQ7, UniRef:UniRef50_E6SJQ7, UniRef:UniRef90_E6SJQ7
NC_014831.1	1260247	1260357	-	IBIBJG_05435	4.4	11.0		SO:0001217, UniParc:UPI0001F28134, UniRef:UniRef100_E6SK15, UniRef:UniRef50_E6SK15, UniRef:UniRef90_E6SK15
NC_014831.1	1281552	1282073	+	IBIBJG_05515	19.6	5.4		SO:0001217, UniParc:UPI0001F28144, UniRef:UniRef100_E6SK31, UniRef:UniRef50_K6QBZ4, UniRef:UniRef90_E6SK31
NC_014831.1	1297069	1297365	+	IBIBJG_05575	11.4	11.9		RefSeq:WP_013495489.1, SO:0001217, UniParc:UPI0001F281B2, UniRef:UniRef100_E6SK43, UniRef:UniRef50_A0A4P7GVA8, UniRef:UniRef90_E6SK43
NC_014831.1	1306433	1306786	-	IBIBJG_05605	11.6	9.1		SO:0001217, UniParc:UPI0001F281B8, UniRef:UniRef100_E6SK49, UniRef:UniRef50_E6SK49, UniRef:UniRef90_E6SK49
NC_014831.1	1306783	1307559	-	IBIBJG_05610	26.2	10.4		RefSeq:WP_013495496.1, SO:0001217, UniParc:UPI0001F281B9, UniRef:UniRef100_E6SK50, UniRef:UniRef50_A0A4P7GUA1, UniRef:UniRef90_E6SK50
NC_014831.1	1333709	1336753	-	IBIBJG_05725	102.9	11.2		RefSeq:WP_013495519.1, SO:0001217, UniParc:UPI0001F28231, UniRef:UniRef100_E6SK73, UniRef:UniRef50_K6PYT2, UniRef:UniRef90_E6SK73
NC_014831.1	1340822	1341085	-	IBIBJG_05750	9.2	8.1		RefSeq:WP_013495523.1, SO:0001217, UniParc:UPI0001F28235, UniRef:UniRef100_E6SKL0, UniRef:UniRef50_E6SKL0, UniRef:UniRef90_E6SKL0
NC_014831.1	1353353	1354231	-	IBIBJG_05805	31.5	9.5		RefSeq:WP_013495534.1, SO:0001217, UniParc:UPI0001F28240, UniRef:UniRef100_E6SKM1, UniRef:UniRef50_E6SKM1, UniRef:UniRef90_E6SKM1
NC_014831.1	1368900	1369643	-	IBIBJG_05880	26.8	12.0		RefSeq:WP_013495549.1, SO:0001217, UniParc:UPI0001F2824F, UniRef:UniRef100_E6SKN6, UniRef:UniRef50_E6SKN6, UniRef:UniRef90_E6SKN6
NC_014831.1	1387304	1388386	-	IBIBJG_05975	38.0	5.1		RefSeq:WP_013495568.1, SO:0001217, UniParc:UPI0001F282C9, UniRef:UniRef100_E6SKQ5, UniRef:UniRef50_E6SKQ5, UniRef:UniRef90_E6SKQ5
NC_014831.1	1390871	1391872	-	IBIBJG_05990	32.8	11.1		RefSeq:WP_013495571.1, SO:0001217, UniParc:UPI0001F282CC, UniRef:UniRef100_E6SKQ8, UniRef:UniRef50_A0A4P7GUN7, UniRef:UniRef90_E6SKQ8
NC_014831.1	1397410	1397724	+	IBIBJG_06020	11.2	11.7		
NC_014831.1	1400896	1401060	-	IBIBJG_06040	5.7	10.9		SO:0001217, UniParc:UPI0001F282D5, UniRef:UniRef100_E6SKR7, UniRef:UniRef50_E6SKR7, UniRef:UniRef90_E6SKR7
NC_014831.1	1407895	1408653	-	IBIBJG_06070	25.8	12.0		RefSeq:WP_013495586.1, SO:0001217, UniParc:UPI0001F282DB, UniRef:UniRef100_E6SKS3, UniRef:UniRef50_K6NY85, UniRef:UniRef90_E6SKS3
NC_014831.1	1422407	1423246	-	IBIBJG_06155	29.4	4.1		RefSeq:WP_013495603.1, SO:0001217, UniParc:UPI0001F28350, UniRef:UniRef100_E6SL67, UniRef:UniRef50_E6SL67, UniRef:UniRef90_E6SL67
NC_014831.1	1431189	1431758	+	IBIBJG_06200	21.7	5.2		RefSeq:WP_013495612.1, SO:0001217, UniParc:UPI0001F28359, UniRef:UniRef100_E6SL76, UniRef:UniRef50_E6SL76, UniRef:UniRef90_E6SL76
NC_014831.1	1433588	1434004	-	IBIBJG_06210	15.4	10.2		SO:0001217, UniParc:UPI0001F2835B, UniRef:UniRef100_E6SL78, UniRef:UniRef50_E6SL78, UniRef:UniRef90_E6SL78
NC_014831.1	1459257	1459562	+	IBIBJG_06335	10.9	12.0		SO:0001217, UniParc:UPI0001F283D9, UniRef:UniRef100_E6SLA3, UniRef:UniRef50_K6NY27, UniRef:UniRef90_E6SLA3
NC_014831.1	1463874	1464335	+	IBIBJG_06350	16.7	7.0		COG:COG5496, COG:R, EC:3.1.2.29, KEGG:K18700, RefSeq:WP_013495642.1, SO:0001217, UniParc:UPI0001F283DC, UniRef:UniRef100_E6SLA6, UniRef:UniRef50_E6SLA6, UniRef:UniRef90_E6SLA6
NC_014831.1	1465849	1466061	-	IBIBJG_06360	8.0	12.0		RefSeq:WP_013495644.1, SO:0001217, UniParc:UPI0001F283DE, UniRef:UniRef100_E6SLA8, UniRef:UniRef50_E6SLA8, UniRef:UniRef90_E6SLA8
NC_014831.1	1466066	1466263	-	IBIBJG_06365	6.9	4.6		RefSeq:WP_013495645.1, SO:0001217, UniParc:UPI0001F283DF, UniRef:UniRef100_E6SLA9, UniRef:UniRef50_E6SLA9, UniRef:UniRef90_E6SLA9
NC_014831.1	1469395	1469745	-	IBIBJG_06380	12.3	4.4		RefSeq:WP_013495648.1, SO:0001217, UniParc:UPI0001F283E2, UniRef:UniRef100_E6SLB2, UniRef:UniRef50_E6SLB2, UniRef:UniRef90_E6SLB2
NC_014831.1	1477242	1477565	-	IBIBJG_06415	10.0	9.5		RefSeq:WP_013495656.1, SO:0001217, UniParc:UPI0001F283EA, UniRef:UniRef100_E6SLC0, UniRef:UniRef50_E6SLC0, UniRef:UniRef90_E6SLC0
NC_014831.1	1495519	1495953	+	IBIBJG_06475	15.7	6.9		RefSeq:WP_013495667.1, SO:0001217, UniParc:UPI0001F2845E, UniRef:UniRef100_E6SLR3, UniRef:UniRef50_E6SLR3, UniRef:UniRef90_E6SLR3
NC_014831.1	1521324	1522703	-	IBIBJG_06595	45.2	6.1		SO:0001217, UniParc:UPI0001F28475, UniRef:UniRef100_E6SLT6, UniRef:UniRef50_E6SLT6, UniRef:UniRef90_E6SLT6
NC_014831.1	1526795	1527385	-	IBIBJG_06620	22.2	4.4		RefSeq:WP_013495695.1, SO:0001217, UniParc:UPI0001F2847A, UniRef:UniRef100_E6SLU1, UniRef:UniRef50_E6SLU1, UniRef:UniRef90_E6SLU1
NC_014831.1	1530290	1530823	-	IBIBJG_06635	18.0	11.6		RefSeq:WP_013495698.1, SO:0001217, UniParc:UPI0001F284E0, UniRef:UniRef100_E6SLU4, UniRef:UniRef50_E6SLU4, UniRef:UniRef90_E6SLU4
NC_014831.1	1535250	1535705	-	IBIBJG_06655	17.1	11.8		RefSeq:WP_013495702.1, SO:0001217, UniParc:UPI0001F284E4, UniRef:UniRef100_E6SLU8, UniRef:UniRef50_K6P447, UniRef:UniRef90_E6SLU8
NC_014831.1	1564554	1565189	-	IBIBJG_06765	23.2	9.1		SO:0001217, UniParc:UPI0001F284FA, UniRef:UniRef100_E6SLX0, UniRef:UniRef50_E6SLX0, UniRef:UniRef90_E6SLX0
NC_014831.1	1566028	1568109	-	IBIBJG_06775	78.8	6.5		RefSeq:WP_013495726.1, SO:0001217, UniParc:UPI0001F284FC, UniRef:UniRef100_E6SLX2, UniRef:UniRef50_E6SLX2, UniRef:UniRef90_E6SLX2
NC_014831.1	1586617	1586955	-	IBIBJG_06845	13.5	9.6		RefSeq:WP_013495740.1, SO:0001217, UniParc:UPI0001F2856B, UniRef:UniRef100_E6SM76, UniRef:UniRef50_E6SM76, UniRef:UniRef90_E6SM76
NC_014831.1	1615620	1616300	-	IBIBJG_06960	24.1	11.4		RefSeq:WP_013495763.1, SO:0001217, UniParc:UPI0001F285E4, UniRef:UniRef100_E6SM99, UniRef:UniRef50_K6PS38, UniRef:UniRef90_E6SM99
NC_014831.1	1650398	1651108	+	IBIBJG_07125	25.5	10.9		RefSeq:WP_013495795.1, SO:0001217, UniParc:UPI0001F28660, UniRef:UniRef100_E6SMD2, UniRef:UniRef50_A0A2W4KNM6, UniRef:UniRef90_E6SMD2
NC_014831.1	1651281	1651808	-	IBIBJG_07130	18.1	4.5		RefSeq:WP_013495796.1, SO:0001217, UniParc:UPI0001F28661, UniRef:UniRef100_E6SMD3, UniRef:UniRef50_E6SMD3, UniRef:UniRef90_E6SMD3
NC_014831.1	1654421	1654861	-	IBIBJG_07150	15.3	5.8		RefSeq:WP_013495800.1, SO:0001217, UniParc:UPI0001F28665, UniRef:UniRef100_E6SMK4, UniRef:UniRef50_E6SMK4, UniRef:UniRef90_E6SMK4
NC_014831.1	1666867	1667367	-	IBIBJG_07215	17.1	4.6		RefSeq:WP_013495813.1, SO:0001217, UniParc:UPI0001F28672, UniRef:UniRef100_E6SML7, UniRef:UniRef50_E6SML7, UniRef:UniRef90_E6SML7
NC_014831.1	1686694	1688694	+	IBIBJG_07280	69.8	10.6		RefSeq:WP_013495826.1, SO:0001217, UniParc:UPI0001F27EC3, UniRef:UniRef100_E6SMN0, UniRef:UniRef50_K6P3S7, UniRef:UniRef90_E6SMN0
NC_014831.1	1688743	1689087	-	IBIBJG_07285	12.8	5.6		RefSeq:WP_013495827.1, SO:0001217, UniParc:UPI0001F27EC4, UniRef:UniRef100_E6SMN1, UniRef:UniRef50_E6SMN1, UniRef:UniRef90_E6SMN1
NC_014831.1	1734931	1735296	+	IBIBJG_07470	13.0	5.4		RefSeq:WP_013495864.1, SO:0001217, UniParc:UPI0001F27F4E, UniRef:UniRef100_E6SMR8, UniRef:UniRef50_E6SMR8, UniRef:UniRef90_E6SMR8
NC_014831.1	1796917	1798629	+	IBIBJG_07705	58.0	11.3		RefSeq:WP_013495911.1, SO:0001217, UniParc:UPI0001F27FE0, UniRef:UniRef100_E6SGF5, UniRef:UniRef50_E6SGF5, UniRef:UniRef90_E6SGF5
NC_014831.1	1799717	1801006	-	IBIBJG_07720	46.1	9.5		RefSeq:WP_207635124.1, SO:0001217, UniParc:UPI001A99AFAD, UniRef:UniRef100_UPI001A99AFAD, UniRef:UniRef50_UPI001A99AFAD, UniRef:UniRef90_UPI001A99AFAD
NC_014831.1	1800955	1801833	-	IBIBJG_07725	31.4	7.7		SO:0001217, UniRef:UniRef50_UPI0002EDC91B, UniRef:UniRef90_UPI0002EDC91B
NC_014831.1	1803298	1803873	+	IBIBJG_07735	20.0	11.6		RefSeq:WP_042500356.1, SO:0001217, UniParc:UPI0005A96B2F, UniRef:UniRef100_UPI0005A96B2F, UniRef:UniRef50_UPI0005A96B2F, UniRef:UniRef90_UPI0005A96B2F
NC_014831.1	1817105	1818715	+	IBIBJG_07795	53.6	12.0		KEGG:K07234, RefSeq:WP_013495926.1, SO:0001217, UniParc:UPI0001F28055, UniRef:UniRef100_E6SGH0, UniRef:UniRef50_E6SGH0, UniRef:UniRef90_E6SGH0
NC_014831.1	1829501	1830043	+	IBIBJG_07850	20.1	5.0		RefSeq:WP_013495937.1, SO:0001217, UniParc:UPI0001F28060, UniRef:UniRef100_E6SGI1, UniRef:UniRef50_E6SGI1, UniRef:UniRef90_E6SGI1
NC_014831.1	1832463	1833014	+	IBIBJG_07860	20.2	6.8		RefSeq:WP_013495939.1, SO:0001217, UniParc:UPI0001F28062, UniRef:UniRef100_E6SGI3, UniRef:UniRef50_E6SGI3, UniRef:UniRef90_E6SGI3
NC_014831.1	1834309	1835625	-	IBIBJG_07870	45.3	5.5	PF02625.19|XdhC_CoxI, PF02625.19|XdhC_CoxI, PF13478.9|XdhC_C	COG:COG1975, COG:O, KEGG:K07402, PFAM:PF02625.19, PFAM:PF02625.19, PFAM:PF13478.9, RefSeq:WP_013495941.1, SO:0001217, UniParc:UPI0001F28064, UniRef:UniRef100_E6SGQ3, UniRef:UniRef50_E6SGQ3, UniRef:UniRef90_E6SGQ3
NC_014831.1	1852283	1852819	-	IBIBJG_07925	19.5	5.9		SO:0001217, UniParc:UPI0001F2806D, UniRef:UniRef100_E6SGR3, UniRef:UniRef50_E6SGR3, UniRef:UniRef90_E6SGR3
NC_014831.1	1852852	1853826	-	IBIBJG_07930	36.0	6.2		SO:0001217, UniParc:UPI0001F2806E, UniRef:UniRef100_E6SGR4, UniRef:UniRef50_E6SGR4, UniRef:UniRef90_E6SGR4
NC_014831.1	1854024	1854191	-	IBIBJG_07935	6.2	5.0		SO:0001217, UniParc:UPI0001F2806F, UniRef:UniRef100_E6SGR5, UniRef:UniRef50_E6SGR5, UniRef:UniRef90_E6SGR5
NC_014831.1	1886336	1888435	-	IBIBJG_08060	78.0	6.2		RefSeq:WP_013495977.1, SO:0001217, UniParc:UPI0001F280EA, UniRef:UniRef100_E6SGU0, UniRef:UniRef50_E6SGU0, UniRef:UniRef90_E6SGU0
NC_014831.1	1898439	1899083	+	IBIBJG_08105	23.7	5.4	PF06262.14|Zincin_1	PFAM:PF06262.14, SO:0001217, UniParc:UPI0001F28151, UniRef:UniRef100_E6SGU9, UniRef:UniRef50_E6SGU9, UniRef:UniRef90_E6SGU9
NC_014831.1	1913975	1914235	-	IBIBJG_08160	9.5	12.0		
NC_014831.1	1923807	1924787	+	IBIBJG_08210	33.4	4.4		RefSeq:WP_013496004.1, SO:0001217, UniParc:UPI0001F28163, UniRef:UniRef100_E6SH39, UniRef:UniRef50_E6SH39, UniRef:UniRef90_E6SH39
NC_014831.1	1930895	1931245	+	IBIBJG_08245	12.2	8.6		RefSeq:WP_013496011.1, SO:0001217, UniParc:UPI0001F2816A, UniRef:UniRef100_E6SH46, UniRef:UniRef50_E6SH46, UniRef:UniRef90_E6SH46
NC_014831.1	1934244	1934741	-	IBIBJG_08260	17.1	7.9		RefSeq:WP_013496014.1, SO:0001217, UniParc:UPI0001F2816D, UniRef:UniRef100_E6SH49, UniRef:UniRef50_E6SH49, UniRef:UniRef90_E6SH49
NC_014831.1	1935724	1936086	+	IBIBJG_08270	11.7	9.9		SO:0001217, UniParc:UPI0001F281D0, UniRef:UniRef100_E6SH51, UniRef:UniRef50_E6SH51, UniRef:UniRef90_E6SH51
NC_014831.1	1938784	1939179	-	IBIBJG_08285	13.2	5.9		RefSeq:WP_013496019.1, SO:0001217, UniParc:UPI0001F281D3, UniRef:UniRef100_E6SH54, UniRef:UniRef50_E6SH54, UniRef:UniRef90_E6SH54
NC_014831.1	1971120	1971578	+	IBIBJG_08400	16.1	6.8		RefSeq:WP_013496042.1, SO:0001217, UniParc:UPI0001F281EA, UniRef:UniRef100_E6SH77, UniRef:UniRef50_E6SH77, UniRef:UniRef90_E6SH77
NC_014831.1	1997878	1998267	-	IBIBJG_08535	13.7	9.6		SO:0001217, UniParc:UPI0001F28269, UniRef:UniRef100_E6SHH3, UniRef:UniRef50_E6SHH3, UniRef:UniRef90_E6SHH3
NC_014831.1	2004282	2005055	-	IBIBJG_08570	26.3	6.0		RefSeq:WP_013496076.1, SO:0001217, UniParc:UPI0001F28270, UniRef:UniRef100_E6SHI0, UniRef:UniRef50_E6SHI0, UniRef:UniRef90_E6SHI0
NC_014831.1	2022342	2022659	+	IBIBJG_08655	12.8	6.4		RefSeq:WP_013496093.1, SO:0001217, UniParc:UPI0001F282E5, UniRef:UniRef100_E6SHJ7, UniRef:UniRef50_A0A4P7GTC4, UniRef:UniRef90_E6SHJ7
NC_014831.1	2022664	2023350	+	IBIBJG_08660	26.2	7.0	PF08843.14|AbiEii	PFAM:PF08843.14, RefSeq:WP_013496094.1, SO:0001217, UniParc:UPI0001F282E6, UniRef:UniRef100_E6SHJ8, UniRef:UniRef50_E6SHJ8, UniRef:UniRef90_E6SHJ8
NC_014831.1	2023298	2023663	-	IBIBJG_08665	12.5	11.9		SO:0001217, UniParc:UPI0001F282E7, UniRef:UniRef100_E6SHJ9, UniRef:UniRef50_E6SHJ9, UniRef:UniRef90_E6SHJ9
NC_014831.1	2027369	2028007	-	IBIBJG_08680	22.2	10.0		SO:0001217, UniParc:UPI0001F282EA, UniRef:UniRef100_E6SHK2, UniRef:UniRef50_E6SHK2, UniRef:UniRef90_E6SHK2
NC_014831.1	2032512	2033057	-	IBIBJG_08705	20.1	9.4		RefSeq:WP_013496103.1, SO:0001217, UniParc:UPI0001F282EF, UniRef:UniRef100_E6SHK7, UniRef:UniRef50_E6SHK7, UniRef:UniRef90_E6SHK7
NC_014831.1	2038772	2039929	+	IBIBJG_08735	38.5	6.3		RefSeq:WP_013496108.1, SO:0001217, UniParc:UPI0001F282F4, UniRef:UniRef100_E6SHL2, UniRef:UniRef50_E6SHL2, UniRef:UniRef90_E6SHL2
NC_014831.1	2061054	2061221	-	IBIBJG_08810	6.0	5.5		RefSeq:WP_013496123.1, SO:0001217, UniParc:UPI0001F2836D, UniRef:UniRef100_E6SHM7, UniRef:UniRef50_E6SHM7, UniRef:UniRef90_E6SHM7
NC_014831.1	2061458	2061988	-	IBIBJG_08815	18.5	11.3		RefSeq:WP_013496124.1, SO:0001217, UniParc:UPI0001F2836E, UniRef:UniRef100_E6SHM8, UniRef:UniRef50_E6SHM8, UniRef:UniRef90_E6SHM8
NC_014831.1	2070913	2071830	+	IBIBJG_08855	32.8	10.5		RefSeq:WP_013496132.1, SO:0001217, UniParc:UPI0001F28376, UniRef:UniRef100_E6SHN6, UniRef:UniRef50_E6SHN6, UniRef:UniRef90_E6SHN6
NC_014831.1	2073354	2073770	+	IBIBJG_08865	15.8	7.0		RefSeq:WP_013496134.1, SO:0001217, UniParc:UPI0001F28378, UniRef:UniRef100_E6SHN8, UniRef:UniRef50_E6SHN8, UniRef:UniRef90_E6SHN8
NC_014831.1	2075927	2076694	-	IBIBJG_08880	26.5	11.5		RefSeq:WP_013496137.1, SO:0001217, UniParc:UPI0001F2837B, UniRef:UniRef100_E6SHV6, UniRef:UniRef50_E6SHV6, UniRef:UniRef90_E6SHV6
NC_014831.1	2078446	2078778	+	IBIBJG_08890	12.2	7.9		RefSeq:WP_042500441.1, SO:0001217, UniParc:UPI00030DF4E7, UniRef:UniRef100_UPI00030DF4E7, UniRef:UniRef50_UPI00030DF4E7, UniRef:UniRef90_UPI00030DF4E7
NC_014831.1	2080562	2080828	+	IBIBJG_08905	9.7	9.8		SO:0001217, UniParc:UPI0001F2837F, UniRef:UniRef100_E6SHW0, UniRef:UniRef50_E6SHW0, UniRef:UniRef90_E6SHW0
NC_014831.1	2080927	2081718	+	IBIBJG_08910	27.1	5.6		RefSeq:WP_013496142.1, SO:0001217, UniParc:UPI0001F28380, UniRef:UniRef100_E6SHW1, UniRef:UniRef50_E6SHW1, UniRef:UniRef90_E6SHW1
NC_014831.1	2087070	2087171	-	IBIBJG_08925	3.4	12.0		SO:0001217, UniParc:UPI0001F28383, UniRef:UniRef100_E6SHW4, UniRef:UniRef50_E6SHW4, UniRef:UniRef90_E6SHW4
NC_014831.1	2102696	2102878	-	IBIBJG_08995	6.6	9.6		SO:0001217, UniParc:UPI0001F283F5, UniRef:UniRef100_E6SHX8, UniRef:UniRef50_E6SHX8, UniRef:UniRef90_E6SHX8
NC_014831.1	2110152	2110283	-	IBIBJG_09040	4.6	11.5		SO:0001217, UniParc:UPI0001F283FE, UniRef:UniRef100_E6SHY7, UniRef:UniRef50_E6SHY7, UniRef:UniRef90_E6SHY7
NC_014831.1	2110357	2110671	-	IBIBJG_09045	10.9	5.0		RefSeq:WP_042500452.1, SO:0001217, UniParc:UPI0002F22F86, UniRef:UniRef100_UPI0002F22F86, UniRef:UniRef50_K6P2P4, UniRef:UniRef90_UPI0002F22F86
NC_014831.1	2114769	2115557	-	IBIBJG_09060	28.8	6.9		RefSeq:WP_013496171.1, SO:0001217, UniParc:UPI0001F28401, UniRef:UniRef100_E6SHZ0, UniRef:UniRef50_A0A2W4KC41, UniRef:UniRef90_E6SHZ0
NC_014831.1	2116220	2116327	+	IBIBJG_09065	4.1	12.0		
NC_014831.1	2119026	2119208	+	IBIBJG_09075	6.0	8.5		SO:0001217, UniParc:UPI0001F28403, UniRef:UniRef100_E6SHZ2, UniRef:UniRef50_E6SHZ2, UniRef:UniRef90_E6SHZ2
NC_014831.1	2146593	2146967	+	IBIBJG_09200	12.5	6.3		
NC_014831.1	2160930	2161025	+	IBIBJG_09265	3.4	4.6		SO:0001217, UniParc:UPI0001F2848B, UniRef:UniRef100_E6SI96, UniRef:UniRef50_E6SI96, UniRef:UniRef90_E6SI96
NC_014831.1	2188624	2189001	-	IBIBJG_09365	13.4	10.9		RefSeq:WP_013496228.1, SO:0001217, UniParc:UPI0001F28500, UniRef:UniRef100_E6SIB6, UniRef:UniRef50_K6PQS5, UniRef:UniRef90_E6SIB6
NC_014831.1	2205579	2205779	+	IBIBJG_09425	7.5	10.3		RefSeq:WP_013496240.1, SO:0001217, UniParc:UPI0001F2850C, UniRef:UniRef100_E6SIC8, UniRef:UniRef50_E6SIC8, UniRef:UniRef90_E6SIC8
NC_014831.1	2205903	2206025	+	IBIBJG_09430	4.6	10.9		SO:0001217, UniParc:UPI0001F2850D, UniRef:UniRef100_E6SIC9, UniRef:UniRef50_E6SIC9, UniRef:UniRef90_E6SIC9
NC_014831.1	2212331	2212441	-	IBIBJG_09465	4.0	12.0		SO:0001217, UniParc:UPI0001F28514, UniRef:UniRef100_E6SID6, UniRef:UniRef50_E6SID6, UniRef:UniRef90_E6SID6
NC_014831.1	2214930	2215037	+	IBIBJG_09485	3.8	5.5		
NC_014831.1	2215057	2215317	+	IBIBJG_09490	10.4	5.2		RefSeq:WP_148235745.1, SO:0001217, UniParc:UPI0011D26C05, UniRef:UniRef100_UPI0011D26C05, UniRef:UniRef50_A0A7C6YNV6, UniRef:UniRef90_UPI0011D26C05
NC_014831.1	2219962	2220882	-	IBIBJG_09510	33.2	6.5		RefSeq:WP_013496255.1, SO:0001217, UniParc:UPI0001F2851B, UniRef:UniRef100_E6SIE3, UniRef:UniRef50_K6QEB4, UniRef:UniRef90_E6SIE3
NC_014831.1	2236487	2237407	+	IBIBJG_09575	35.5	5.5		SO:0001217, UniParc:UPI0001F28584, UniRef:UniRef100_E6SIF4, UniRef:UniRef50_E6SIF4, UniRef:UniRef90_E6SIF4
NC_014831.1	2242918	2243154	-	IBIBJG_09595	9.0	9.8		RefSeq:WP_013496269.1, SO:0001217, UniParc:UPI0001F28587, UniRef:UniRef100_E6SIF7, UniRef:UniRef50_E6SIF7, UniRef:UniRef90_E6SIF7
NC_014831.1	2252617	2252883	-	IBIBJG_09635	10.3	12.0		
NC_014831.1	2273293	2273625	-	IBIBJG_09710	12.3	8.8		
NC_014831.1	2276514	2276741	+	IBIBJG_09725	8.5	6.7		SO:0001217, UniRef:UniRef50_UPI0002D3B7E7, UniRef:UniRef90_UPI0002D3B7E7
NC_014831.1	2289643	2290374	-	IBIBJG_09775	26.2	9.7		
NC_014831.1	2290331	2290429	-	IBIBJG_09780	3.6	4.2		
NC_014831.1	2291063	2292064	-	IBIBJG_09785	38.4	5.6		SO:0001217, UniParc:UPI0001F2860A, UniRef:UniRef100_E6SIQ3, UniRef:UniRef50_E6SIQ3, UniRef:UniRef90_E6SIQ3
NC_014831.1	2292390	2293853	+	IBIBJG_09790	54.7	9.1		RefSeq:WP_013496299.1, SO:0001217, UniParc:UPI0001F2860B, UniRef:UniRef100_E6SIQ4, UniRef:UniRef50_E6SIQ4, UniRef:UniRef90_E6SIQ4
NC_014831.1	2298969	2301791	+	IBIBJG_09805	96.2	7.2		SO:0001217, UniParc:UPI0001F2860D, UniRef:UniRef100_E6SIQ6, UniRef:UniRef50_K6Q235, UniRef:UniRef90_E6SIQ6
NC_014831.1	2304317	2306218	+	IBIBJG_09820	62.4	11.2		SO:0001217, UniParc:UPI0001F28610, UniRef:UniRef100_E6SIQ9, UniRef:UniRef50_E6SIQ9, UniRef:UniRef90_E6SIQ9
NC_014831.1	2314949	2315917	+	IBIBJG_09845	32.3	5.7		RefSeq:WP_013496309.1, SO:0001217, UniParc:UPI0001F28615, UniRef:UniRef100_E6SIR4, UniRef:UniRef50_E6SIR4, UniRef:UniRef90_E6SIR4
NC_014831.1	2320522	2322270	+	IBIBJG_09865	60.2	11.3		RefSeq:WP_013496313.1, SO:0001217, UniParc:UPI0001F27E5F, UniRef:UniRef100_E6SIR8, UniRef:UniRef50_E6SIR8, UniRef:UniRef90_E6SIR8
NC_014831.1	2325105	2325467	-	IBIBJG_09875	13.4	10.8		SO:0001217, UniParc:UPI0001F27E61, UniRef:UniRef100_E6SIS0, UniRef:UniRef50_E6SIS0, UniRef:UniRef90_E6SIS0
NC_014831.1	2325460	2325822	-	IBIBJG_09880	13.4	4.5		RefSeq:WP_013496316.1, SO:0001217, UniParc:UPI0001F27E62, UniRef:UniRef100_E6SIS1, UniRef:UniRef50_A0A7X7AE54, UniRef:UniRef90_E6SIS1
NC_014831.1	2327053	2327337	-	IBIBJG_09890	10.0	12.0		RefSeq:WP_013496318.1, SO:0001217, UniParc:UPI0001F27E64, UniRef:UniRef100_E6SIS3, UniRef:UniRef50_E6SIS3, UniRef:UniRef90_E6SIS3
NC_014831.1	2329532	2330152	+	IBIBJG_09900	23.5	6.6		SO:0001217, UniParc:UPI0001F27E66, UniRef:UniRef100_E6SIS5, UniRef:UniRef50_E6SIS5, UniRef:UniRef90_E6SIS5
NC_014831.1	2332092	2332577	+	IBIBJG_09915	17.7	5.9		
NC_014831.1	2332574	2333242	+	IBIBJG_09920	22.3	12.0		SO:0001217, UniParc:UPI0001F27E68, UniRef:UniRef100_E6SIS7, UniRef:UniRef50_E6SIS7, UniRef:UniRef90_E6SIS7
NC_014831.1	2347174	2347401	-	IBIBJG_09975	7.6	11.7		SO:0001217, UniParc:UPI0001F27E73, UniRef:UniRef100_E6SIT8, UniRef:UniRef50_E6SIT8, UniRef:UniRef90_E6SIT8
NC_014831.1	2348620	2348955	-	IBIBJG_09985	11.7	10.0		SO:0001217, UniParc:UPI0001F27E75, UniRef:UniRef100_E6SIU0, UniRef:UniRef50_E6SIU0, UniRef:UniRef90_E6SIU0
NC_014831.1	2358178	2358450	-	IBIBJG_10025	10.3	11.7		RefSeq:WP_013496342.1, SO:0001217, UniParc:UPI0001F27E7D, UniRef:UniRef100_E6SJ18, UniRef:UniRef50_E6SJ18, UniRef:UniRef90_E6SJ18
NC_014831.1	2370384	2370992	-	IBIBJG_10075	22.5	5.3		RefSeq:WP_013496352.1, SO:0001217, UniParc:UPI0001F27EE9, UniRef:UniRef100_E6SJ28, UniRef:UniRef50_K6PQJ2, UniRef:UniRef90_E6SJ28
NC_014831.1	2371055	2371216	+	IBIBJG_10080	5.3	10.8		SO:0001217, UniParc:UPI0001F27EEA, UniRef:UniRef100_E6SJ29, UniRef:UniRef50_E6SJ29, UniRef:UniRef90_E6SJ29
NC_014831.1	2378961	2379296	-	IBIBJG_10115	11.6	12.0		SO:0001217, UniParc:UPI0001F27EF1, UniRef:UniRef100_E6SJ36, UniRef:UniRef50_E6SJ36, UniRef:UniRef90_E6SJ36
NC_014831.1	2386593	2386784	+	IBIBJG_10150	7.0	11.6		
NC_014831.1	2409991	2410392	+	IBIBJG_10245	14.5	5.4		SO:0001217, UniParc:UPI0001F27F6B, UniRef:UniRef100_E6SJ60, UniRef:UniRef50_E6SJ60, UniRef:UniRef90_E6SJ60
NC_014831.1	2415846	2416010	-	IBIBJG_10265	5.6	4.1		RefSeq:WP_013496388.1, SO:0001217, UniParc:UPI0001F27F6F, UniRef:UniRef100_E6SJ64, UniRef:UniRef50_E6SJ64, UniRef:UniRef90_E6SJ64
NC_014831.1	2428562	2429335	+	IBIBJG_10320	26.2	10.6		RefSeq:WP_013496399.1, SO:0001217, UniParc:UPI0001F27F7A, UniRef:UniRef100_E6SJ75, UniRef:UniRef50_E6SJ75, UniRef:UniRef90_E6SJ75
NC_014831.1	2435019	2435855	-	IBIBJG_10345	29.8	6.6		RefSeq:WP_013496404.1, SO:0001217, UniParc:UPI0001F27F7F, UniRef:UniRef100_E6SJE9, UniRef:UniRef50_E6SJE9, UniRef:UniRef90_E6SJE9
NC_014831.1	2440519	2441370	+	IBIBJG_10370	28.4	11.6		RefSeq:WP_013496409.1, SO:0001217, UniParc:UPI0001F27F84, UniRef:UniRef100_E6SJF4, UniRef:UniRef50_E6SJF4, UniRef:UniRef90_E6SJF4
NC_014831.1	2442809	2443858	+	IBIBJG_10380	35.3	11.0		COG:COG3949, COG:S, RefSeq:WP_013496411.1, SO:0001217, UniParc:UPI0001F27F86, UniRef:UniRef100_E6SJF6, UniRef:UniRef50_A0A4P7GW52, UniRef:UniRef90_E6SJF6
NC_014831.1	2452886	2453869	-	IBIBJG_10425	35.3	6.5		RefSeq:WP_013496420.1, SO:0001217, UniParc:UPI0001F27FED, UniRef:UniRef100_E6SJG5, UniRef:UniRef50_A0A4P7GRP5, UniRef:UniRef90_E6SJG5
NC_014831.1	2455176	2456945	-	IBIBJG_10435	58.1	9.7		RefSeq:WP_013496422.1, SO:0001217, UniParc:UPI0001F27FEF, UniRef:UniRef100_E6SJG7, UniRef:UniRef50_E6SJG7, UniRef:UniRef90_E6SJG7
NC_014831.1	2475470	2475979	-	IBIBJG_10505	18.8	6.4		RefSeq:WP_013496436.1, SO:0001217, UniParc:UPI0001F27FFD, UniRef:UniRef100_E6SJI1, UniRef:UniRef50_E6SJI1, UniRef:UniRef90_E6SJI1
NC_014831.1	2484848	2485720	-	IBIBJG_10530	29.8	11.9		RefSeq:WP_013496441.1, SO:0001217, UniParc:UPI0001F28002, UniRef:UniRef100_E6SJI6, UniRef:UniRef50_A0A4P7GRY6, UniRef:UniRef90_E6SJI6
NC_014831.1	2486073	2486513	+	IBIBJG_10535	16.5	5.2		RefSeq:WP_013496442.1, SO:0001217, UniParc:UPI0001F28003, UniRef:UniRef100_E6SJI7, UniRef:UniRef50_E6SJI7, UniRef:UniRef90_E6SJI7
NC_014831.1	2491434	2491898	-	IBIBJG_10570	15.9	12.0		RefSeq:WP_013496449.1, SO:0001217, UniParc:UPI0001F28073, UniRef:UniRef100_E6SJJ4, UniRef:UniRef50_A0A4P7GRH3, UniRef:UniRef90_E6SJJ4
NC_014831.1	2492117	2494297	+	IBIBJG_10575	70.6	11.9		SO:0001217, UniParc:UPI0001F28074, UniRef:UniRef100_E6SJJ5, UniRef:UniRef50_E6SJJ5, UniRef:UniRef90_E6SJJ5
NC_014831.1	2536665	2537456	-	IBIBJG_10755	27.1	8.8		SO:0001217, UniParc:UPI0001F280F5, UniRef:UniRef100_E6SJV0, UniRef:UniRef50_E6SJV0, UniRef:UniRef90_E6SJV0
NC_014831.1	2538901	2539449	-	IBIBJG_10765	19.1	4.7		SO:0001217, UniParc:UPI0001F280F7, UniRef:UniRef100_E6SJV2, UniRef:UniRef50_A0A4P7GRM9, UniRef:UniRef90_E6SJV2
NC_014831.1	2542880	2543239	+	IBIBJG_10785	12.5	11.5		RefSeq:WP_013496489.1, SO:0001217, UniParc:UPI0001F280FB, UniRef:UniRef100_E6SJV6, UniRef:UniRef50_E6SJV6, UniRef:UniRef90_E6SJV6
NC_014831.1	2546672	2547943	+	IBIBJG_10810	44.1	6.0		RefSeq:WP_013496494.1, SO:0001217, UniParc:UPI0001F28100, UniRef:UniRef100_E6SJW1, UniRef:UniRef50_K6QE45, UniRef:UniRef90_E6SJW1
NC_014831.1	2548014	2548745	-	IBIBJG_10815	26.0	11.6		RefSeq:WP_013496495.1, SO:0001217, UniParc:UPI0001F28101, UniRef:UniRef100_E6SJW2, UniRef:UniRef50_E6SJW2, UniRef:UniRef90_E6SJW2
NC_014831.1	2550700	2551308	+	IBIBJG_10835	21.3	8.3		RefSeq:WP_013496497.1, SO:0001217, UniParc:UPI0001F28103, UniRef:UniRef100_E6SJW4, UniRef:UniRef50_E6SJW4, UniRef:UniRef90_E6SJW4
NC_014831.1	2573756	2573941	+	IBIBJG_10915	6.6	4.9		RefSeq:WP_013496513.1, SO:0001217, UniParc:UPI0001F28170, UniRef:UniRef100_E6SJY0, UniRef:UniRef50_E6SJY0, UniRef:UniRef90_E6SJY0
NC_014831.1	2578374	2579306	+	IBIBJG_10945	35.1	9.9		RefSeq:WP_013496519.1, SO:0001217, UniParc:UPI0001F28176, UniRef:UniRef100_E6SJY6, UniRef:UniRef50_K6PQ24, UniRef:UniRef90_E6SJY6
NC_014831.1	2583069	2583470	-	IBIBJG_10965	13.3	4.9		RefSeq:WP_042500610.1, SO:0001217, UniParc:UPI0003148C48, UniRef:UniRef100_UPI0003148C48, UniRef:UniRef50_UPI0003148C48, UniRef:UniRef90_UPI0003148C48
NC_014831.1	2583467	2583913	-	IBIBJG_10970	15.3	11.3		SO:0001217, UniParc:UPI0001F2817A, UniRef:UniRef100_E6SJZ0, UniRef:UniRef50_E6SJZ0, UniRef:UniRef90_E6SJZ0
NC_014831.1	2585105	2585512	-	IBIBJG_10980	13.8	11.0		RefSeq:WP_013496525.1, SO:0001217, UniParc:UPI0001F2817C, UniRef:UniRef100_E6SJZ2, UniRef:UniRef50_E6SJZ2, UniRef:UniRef90_E6SJZ2
NC_014831.1	2595836	2598583	+	IBIBJG_11030	96.2	8.4		SO:0001217, UniParc:UPI0001F28186, UniRef:UniRef100_E6SK77, UniRef:UniRef50_E6SK77, UniRef:UniRef90_E6SK77
NC_014831.1	2599629	2599961	-	IBIBJG_11040	11.9	11.9		RefSeq:WP_042500616.1, SO:0001217, UniParc:UPI0002F1600F, UniRef:UniRef100_UPI0002F1600F, UniRef:UniRef50_A0A4P7GSS9, UniRef:UniRef90_UPI0002F1600F
NC_014831.1	2606849	2606989	-	IBIBJG_11065	4.9	5.0		RefSeq:WP_013496541.1, SO:0001217, UniParc:UPI0001F2818C, UniRef:UniRef100_E6SK83, UniRef:UniRef50_E6SK83, UniRef:UniRef90_E6SK83
NC_014831.1	2623453	2624472	-	IBIBJG_11135	34.4	11.0		SO:0001217, UniParc:UPI0001F281F8, UniRef:UniRef100_E6SK97, UniRef:UniRef50_E6SK97, UniRef:UniRef90_E6SK97
NC_014831.1	2676730	2676984	-	IBIBJG_11370	8.9	11.9		RefSeq:WP_013496600.1, SO:0001217, UniParc:UPI0001F28AD0, UniRef:UniRef100_E6SKE2, UniRef:UniRef50_E6SKE2, UniRef:UniRef90_E6SKE2
NC_014831.1	2719226	2719738	+	IBIBJG_11565	19.7	8.3		RefSeq:WP_013496629.1, SO:0001217, UniParc:UPI0001F28B49, UniRef:UniRef100_E6SKV6, UniRef:UniRef50_E6SKV6, UniRef:UniRef90_E6SKV6
NC_014831.1	2719751	2720299	+	IBIBJG_11570	19.7	11.2		RefSeq:WP_013496630.1, SO:0001217, UniParc:UPI0001F28B4A, UniRef:UniRef100_E6SKV7, UniRef:UniRef50_E6SKV7, UniRef:UniRef90_E6SKV7
NC_014831.1	2720429	2720941	-	IBIBJG_11575	19.1	9.4		RefSeq:WP_013496631.1, SO:0001217, UniParc:UPI0001F28B4B, UniRef:UniRef100_E6SKV8, UniRef:UniRef50_E6SKV8, UniRef:UniRef90_E6SKV8
NC_014831.1	2720956	2721669	-	IBIBJG_11580	24.7	11.3		SO:0001217, UniParc:UPI0001F28B4C, UniRef:UniRef100_E6SKV9, UniRef:UniRef50_E6SKV9, UniRef:UniRef90_E6SKV9
NC_014831.1	2723921	2724223	-	IBIBJG_11595	11.4	9.6		RefSeq:WP_013496635.1, SO:0001217, UniParc:UPI0001F28B4F, UniRef:UniRef100_E6SKW2, UniRef:UniRef50_A0A662SW18, UniRef:UniRef90_E6SKW2
NC_014831.1	2727150	2728118	-	IBIBJG_11605	32.2	9.7		SO:0001217, UniParc:UPI0001F28B51, UniRef:UniRef100_E6SKW4, UniRef:UniRef50_E6SKW4, UniRef:UniRef90_E6SKW4
NC_014831.1	2799269	2800258	-	IBIBJG_12010	35.3	11.5		SO:0001217, UniParc:UPI0001F28C61, UniRef:UniRef100_E6SLG9, UniRef:UniRef50_E6SLG9, UniRef:UniRef90_E6SLG9
NC_014831.1	2816505	2817560	-	IBIBJG_12070	36.2	8.6		RefSeq:WP_013496718.1, SO:0001217, UniParc:UPI0001F28CD0, UniRef:UniRef100_E6SLI1, UniRef:UniRef50_E6SLI1, UniRef:UniRef90_E6SLI1
NC_014831.1	2819766	2821115	-	IBIBJG_12085	47.1	10.1		RefSeq:WP_013496720.1, SO:0001217, UniParc:UPI0001F28CD2, UniRef:UniRef100_E6SLI3, UniRef:UniRef50_E6SLI3, UniRef:UniRef90_E6SLI3
NC_014831.1	2824891	2825223	-	IBIBJG_12110	12.0	5.7	PF12643.10|MazG-like	PFAM:PF12643.10, RefSeq:WP_013496724.1, SO:0001217, UniParc:UPI0001F28CD6, UniRef:UniRef100_E6SLI7, UniRef:UniRef50_E6SLI7, UniRef:UniRef90_E6SLI7
